<?xml version="1.0" encoding="UTF-8"?>
<!DOCTYPE syntax SYSTEM "syntax.dtd">
<syntax>

  <head>
    <name>hgCommit</name> <!-- The definitions title -->
    <charsintokens><![CDATA[_0987654321abcdefghijklmnopqrstuvwxyzABCDEFGHIJKLMNOPQRSTUVWXYZ-+@|"]]></charsintokens> 
  </head>
  <states>
    <default id="Base"  color="#000000" inverted-color="#ffffff"  font-style="normal" font-weight="normal" background-color="#f4f7fe" inverted-background-color="#010e23">
        <state id="Comment" color="#236E25" font-style="italic">
                <begin><regex>HG:</regex></begin>
                <end><regex>[\n\r]</regex></end>
            </state>
            </default>
  </states>
</syntax>